text,gender,emotion
say the word,male,angry
say the word,male,angry
say the word,male,angry
say the word,male,angry
say the word,male,angry
say the word,male,angry
say the word,male,angry
say the,male,angry
say the word,male,angry
say the word,male,angry
say the word,male,angry
say the word,male,angry
say the word,male,angry
say the word,male,angry
say the word,male,angry
say the word,male,angry
say the word,male,angry
say the word,male,angry
say the word,male,angry
say the,male,angry
say the word,male,angry
say the word,male,angry
say the word,male,angry
say the word cho,male,angry
say the word,male,angry
say the word,male,angry
say the,male,angry
say the word,male,angry
say the word,male,angry
say the word,male,angry
say the word,male,angry
say the word,male,angry
say the word,male,angry
say the word,male,angry
say the word,male,angry
say the word,male,angry
say the word,male,angry
say the word,male,angry
say the word,male,angry
say the word,male,angry
say the word,male,angry
say the word,male,angry
say the word,male,angry
say the word,male,angry
say the word,male,angry
say the word gas,male,angry
say the word,male,angry
say the word,male,angry
say the word,male,angry
say the word,male,angry
say the word,male,angry
say the word,male,angry
say the word,male,angry
say the word,male,angry
say the word,male,angry
say the word,male,angry
say the word,male,angry
say the word,male,angry
say the word have,male,angry
say the word,male,angry
say the word,male,angry
say the word,male,angry
say the word,male,angry
say the word,male,angry
say the word,male,angry
say the word,male,angry
say the word,male,angry
say the word,male,angry
say the word,male,angry
say the word jud,male,angry
say the word,male,angry
say the word juice,male,angry
say the word,male,angry
say the word,male,angry
say the word,male,angry
say the word check,male,angry
say the word,male,angry
say the word,male,angry
say the word,male,angry
say the word,male,angry
say the word la,male,angry
say the word,male,angry
say the word,male,angry
say the word,male,angry
say the word list,male,angry
say the word,male,angry
say the word,male,angry
say the word,male,angry
say the word live,male,angry
say the word,male,angry
say the word,male,angry
say the word,male,angry
say the word lo,male,angry
say the word,male,angry
say the word,male,angry
say the word lock,male,angry
say the word,male,angry
say the word match,male,angry
say the word,male,angry
say the word m,male,angry
say the word,male,angry
say the word,male,angry
say the word,male,angry
say the word,male,angry
say the word,male,angry
say the word,male,angry
say the word,male,angry
say the word Mouse,male,angry
say the word,male,angry
say the word,male,angry
say the word,male,angry
say the word need,male,angry
say the word nice,male,angry
say the word,male,angry
say the word,male,angry
say the word,male,angry
say the word,male,angry
say the word,male,angry
say the word,male,angry
say the word,male,angry
say the word,male,angry
say the word,male,angry
say the word,male,angry
say the word,male,angry
say the word,male,angry
say the word,male,angry
say the word,male,angry
say the word,male,angry
say the word,male,angry
say the word,male,angry
say the word,male,angry
say the word,male,angry
say the word,male,angry
say the word,male,angry
say the word,male,angry
say the word,male,angry
say the word,male,angry
say the word,male,angry
say the word,male,angry
say the word,male,angry
say the word rose,male,angry
say the word,male,angry
say the word,male,angry
say the word r,male,angry
say the word,male,angry
say the word,male,angry
say the word search,male,angry
say the word,male,angry
say the word,male,angry
say the word,male,angry
say the word,male,angry
say the word,male,angry
say the word,male,angry
say the word,male,angry
say the word,male,angry
say the word,male,angry
say the word,male,angry
say the word,male,angry
say the word,male,angry
say the words,male,angry
say the word,male,angry
say the,male,angry
say the word,male,angry
say the word,male,angry
say the word,male,angry
say the word,male,angry
say the word,male,angry
say the word,male,angry
say the word,male,angry
say the word,male,angry
say the word,male,angry
say the word,male,angry
say the word,male,angry
say the word time,male,angry
say the,male,angry
say the word,male,angry
say the word,male,angry
say the word,male,angry
say the word,male,angry
say the word,male,angry
say the word,male,angry
say the word voice,male,angry
say the word,male,angry
say the word,male,angry
say the word,male,angry
say the word,male,angry
say the word wash,male,angry
say the word,male,angry
say the word,male,angry
say the word,male,angry
say the word,male,angry
say the word,male,angry
say the word,male,angry
say the word wife,male,angry
say the word,male,angry
say the word,male,angry
say the word,male,angry
say the word,male,angry
say the word,male,angry
say the word,male,angry
say the word,male,disgust
say the word,male,disgust
say the word,male,disgust
say the word,male,disgust
say the word,male,disgust
say the word,male,disgust
say the word B,male,disgust
say the word,male,disgust
say the word,male,disgust
say the word,male,disgust
say the word,male,disgust
say the word,male,disgust
say the word,male,disgust
say the word,male,disgust
say the word,male,disgust
say the word,male,disgust
say the word,male,disgust
say the word,male,disgust
say the word,male,disgust
say the word,male,disgust
say the word check,male,disgust
say the word,male,disgust
say the word,male,disgust
say the word,male,disgust
say the word,male,disgust
say the word,male,disgust
say the word,male,disgust
say the word,male,disgust
say the word,male,disgust
say the word,male,disgust
say the word,male,disgust
say the word,male,disgust
say the word date,male,disgust
say the word,male,disgust
say the word,male,disgust
say the word,male,disgust
say the word,male,disgust
say the word,male,disgust
say the word,male,disgust
say the word,male,disgust
say the word,male,disgust
say the word,male,disgust
say the word,male,disgust
say the word,male,disgust
say the word,male,disgust
say the word gas,male,disgust
say the word,male,disgust
say the word,male,disgust
say the word jet,male,disgust
change the word,male,disgust
say the word,male,disgust
say the word,male,disgust
say the word,male,disgust
say the word,male,disgust
say the word,male,disgust
say the word,male,disgust
say the word,male,disgust
say the word,male,disgust
say the word,male,disgust
say the word,male,disgust
say the word,male,disgust
say the word here,male,disgust
say the word,male,disgust
say the word,male,disgust
say the word,male,disgust
say the word,male,disgust
say the word,male,disgust
say the word,male,disgust
say the word,male,disgust
say the word,male,disgust
say the word,male,disgust
say the word,male,disgust
say the word,male,disgust
say the word,male,disgust
say the word,male,disgust
say the word,male,disgust
say the word,male,disgust
say the word,male,disgust
say the word,male,disgust
say the word,male,disgust
say the word,male,disgust
say the word,male,disgust
say the word,male,disgust
say the word,male,disgust
say the word list,male,disgust
say the word,male,disgust
say the word,male,disgust
say the word,male,disgust
say the word,male,disgust
say the word,male,disgust
save the world,male,disgust
say the word,male,disgust
say the word lo,male,disgust
say the word,male,disgust
say the word,male,disgust
say the word,male,disgust
say the word make,male,disgust
say the word,male,disgust
say the word,male,disgust
say the word,male,disgust
say the word,male,disgust
say the word,male,disgust
say the word,male,disgust
say the word,male,disgust
say the word,male,disgust
say the word,male,disgust
say the word,male,disgust
say the word Mouse,male,disgust
say the word,male,disgust
say the word,male,disgust
say the word,male,disgust
say the word need,male,disgust
say the word nice,male,disgust
say the word,male,disgust
say the word,male,disgust
say the word,male,disgust
say the word page,male,disgust
say the word,male,disgust
say the word,male,disgust
say the word,male,disgust
say the word,male,disgust
say the word Pur,male,disgust
say the word,male,disgust
say the word,male,disgust
say the word,male,disgust
say the word,male,disgust
say the word,male,disgust
say the word,male,disgust
say the word,male,disgust
say the word,male,disgust
say the word,male,disgust
say the word ra,male,disgust
say the word,male,disgust
say the word Re,male,disgust
say the word,male,disgust
say the word,male,disgust
say the word,male,disgust
say the word,male,disgust
say the word,male,disgust
say the word,male,disgust
say the word rose,male,disgust
say the word,male,disgust
say the word,male,disgust
say the word,male,disgust
say the word,male,disgust
say the word,male,disgust
say the word search,male,disgust
say the word,male,disgust
say the word,male,disgust
say the word,male,disgust
say the word,male,disgust
say the word,male,disgust
say the word,male,disgust
say the word,male,disgust
say the word,male,disgust
say the word,male,disgust
say the word,male,disgust
say the words,male,disgust
say the word,male,disgust
say the word,male,disgust
say the word,male,disgust
say the words,male,disgust
say the word,male,disgust
say the word,male,disgust
say the word,male,disgust
say the word,male,disgust
say the word,male,disgust
say the word,male,disgust
say the word,male,disgust
say the word,male,disgust
say the words,male,disgust
say the word,male,disgust
say the word,male,disgust
say the word,male,disgust
say the word,male,disgust
say the word,male,disgust
say the word,male,disgust
say the word,male,disgust
say the word,male,disgust
say the word,male,disgust
say the word,male,disgust
say the word voice,male,disgust
say the word,male,disgust
say the word board,male,disgust
say the word,male,disgust
say the word Wal,male,disgust
say the word,male,disgust
say the word,male,disgust
say the word,male,disgust
say the word,male,disgust
say the word,male,disgust
say the word,male,disgust
say the word,male,disgust
say the word,male,disgust
say the word,male,disgust
say the word,male,disgust
say the word,male,disgust
say the word yes,male,disgust
say the word,male,disgust
say the word,male,disgust
say the word,male,fear
say the word,male,fear
say the word,male,fear
say the word,male,fear
shahidul,male,fear
say the word,male,fear
say the,male,fear
say the word,male,fear
say the word,male,fear
say the word,male,fear
say the,male,fear
say the word,male,fear
say the,male,fear
say the,male,fear
say the word,male,fear
say the word,male,fear
say the word,male,fear
say the word,male,fear
say the word,male,fear
say the word,male,fear
say the word,male,fear
say the word,male,fear
say the word,male,fear
say the word cho,male,fear
say the word,male,fear
say the,male,fear
say the,male,fear
say the,male,fear
say the word,male,fear
say the,male,fear
say the word,male,fear
say the,male,fear
say the word,male,fear
say the word,male,fear
say the word,male,fear
say the word,male,fear
say the word,male,fear
say the word,male,fear
say the word,male,fear
say the word,male,fear
say the word,male,fear
say the word,male,fear
say the word,male,fear
say the word,male,fear
say the word gas,male,fear
say the word,male,fear
say the,male,fear
say the word,male,fear
say the,male,fear
say the word,male,fear
say the,male,fear
Shahid Kapoor,male,fear
say the word,male,fear
say the word,male,fear
say the word,male,fear
say the word,male,fear
say the word,male,fear
say the word,male,fear
say the word,male,fear
size the world,male,fear
say the word,male,fear
say the word,male,fear
say the word,male,fear
say the word,male,fear
say the world,male,fear
say the word,male,fear
say the word,male,fear
say the word,male,fear
say the word,male,fear
say the word Jung,male,fear
say the word,male,fear
say the word,male,fear
say the word,male,fear
say the word,male,fear
say the word,male,fear
say the word,male,fear
say the word,male,fear
say the,male,fear
say the word,male,fear
say the word,male,fear
say the word,male,fear
say the word,male,fear
say the word,male,fear
say the word,male,fear
say the word,male,fear
say the word,male,fear
say the word,male,fear
say the word,male,fear
say the word,male,fear
say the word,male,fear
say the word,male,fear
say the word,male,fear
say the word,male,fear
say the word,male,fear
say the word,male,fear
say the word,male,fear
say the world match,male,fear
say the word,male,fear
say the word,male,fear
say the word,male,fear
say the word,male,fear
say the word,male,fear
say the word,male,fear
say the,male,fear
say the word,male,fear
say the word,male,fear
say the word Mouse,male,fear
say the word,male,fear
say the word,male,fear
say the word,male,fear
say the word,male,fear
say the word nice,male,fear
say the word,male,fear
say the word,male,fear
say the word,male,fear
say the word,male,fear
say the word,male,fear
say the word,male,fear
say the word,male,fear
say the word,male,fear
say the word,male,fear
say the word,male,fear
say the word,male,fear
say the word,male,fear
say the word,male,fear
say the word,male,fear
say the word,male,fear
say the word,male,fear
schedule,male,fear
say the word,male,fear
say the word,male,fear
say the word,male,fear
say the word,male,fear
say the word,male,fear
say the word,male,fear
say the word,male,fear
say the word,male,fear
say the word,male,fear
say the word,male,fear
say the word,male,fear
say the word,male,fear
say the word,male,fear
say the word,male,fear
say the word,male,fear
say the word,male,fear
say the word search,male,fear
say the word,male,fear
say the word,male,fear
say the word,male,fear
say the word,male,fear
say the word,male,fear
say the word,male,fear
say the word,male,fear
say the,male,fear
say the word,male,fear
say the word,male,fear
say the word,male,fear
say the words,male,fear
say the word,male,fear
say the words,male,fear
say the,male,fear
say the word,male,fear
say the word,male,fear
say the word,male,fear
say the word,male,fear
say the word,male,fear
say the word,male,fear
say the word,male,fear
say the word,male,fear
say the word,male,fear
say the word,male,fear
say the word,male,fear
say the word,male,fear
say the word,male,fear
say the word,male,fear
say the,male,fear
say the word,male,fear
say the word,male,fear
say the word,male,fear
say the word,male,fear
say the word voice,male,fear
say the word,male,fear
say the word,male,fear
say the word,male,fear
say the word,male,fear
say the word,male,fear
say the word,male,fear
say the word,male,fear
say the word,male,fear
say the word which,male,fear
say the word,male,fear
say the world,male,fear
say the world,male,fear
save the world,male,fear
say the word which,male,fear
say the word,male,fear
say the word,male,fear
say the,male,fear
say the word,male,fear
say the word,male,happy
say the word,male,happy
say the word,male,happy
say the word,male,happy
say the word,male,happy
say the word,male,happy
say the,male,happy
say the,male,happy
say the word,male,happy
say the word,male,happy
say the,male,happy
say the word,male,happy
say the word,male,happy
say the word,male,happy
say the word,male,happy
say the word,male,happy
say the word,male,happy
say the word,male,happy
say the word,male,happy
say the word,male,happy
say the word,male,happy
say the word,male,happy
say the word,male,happy
say the word,male,happy
say the word,male,happy
say the word,male,happy
say the word,male,happy
say the word,male,happy
say the word,male,happy
say the,male,happy
say the word,male,happy
say the word,male,happy
say the word,male,happy
say the word,male,happy
say the,male,happy
say the word,male,happy
say the word,male,happy
say the word,male,happy
say the word,male,happy
say the word,male,happy
say the word,male,happy
say the,male,happy
say the word,male,happy
say the word,male,happy
say the word,male,happy
say the word,male,happy
say the word,male,happy
say the word,male,happy
say the,male,happy
say the word,male,happy
say the word,male,happy
say the word,male,happy
say the word ghost,male,happy
say the word,male,happy
say the word,male,happy
say the word,male,happy
say the word ha,male,happy
say the word,male,happy
say the word,male,happy
say the word,male,happy
say the word,male,happy
say the word,male,happy
say the word,male,happy
say the word,male,happy
say the word,male,happy
say the word Harsh,male,happy
say the word,male,happy
say the word,male,happy
say the word,male,happy
say the word,male,happy
say the word,male,happy
say the word,male,happy
say the word,male,happy
say the word,male,happy
say the word,male,happy
say the word,male,happy
say the word,male,happy
say the word,male,happy
say the word,male,happy
say the word,male,happy
say the word,male,happy
say the word,male,happy
say the word,male,happy
say the word,male,happy
say the word list,male,happy
say the word,male,happy
say the word,male,happy
say the word,male,happy
say the word,male,happy
say the word,male,happy
say the word,male,happy
say the word,male,happy
say the word,male,happy
say the word,male,happy
say the word love,male,happy
say the word,male,happy
say the word,male,happy
say the word match,male,happy
say the word,male,happy
say the word,male,happy
say the word,male,happy
say the word,male,happy
say the word,male,happy
say the word,male,happy
say the word,male,happy
say the word,male,happy
say the word,male,happy
say the word Mouse,male,happy
say the word,male,happy
say the word name,male,happy
say the word,male,happy
say the word,male,happy
say the word nice,male,happy
say the word,male,happy
say the word,male,happy
say the word,male,happy
say the word page,male,happy
say the word,male,happy
say the word pass,male,happy
say the word,male,happy
say the word,male,happy
say the word,male,happy
say the word,male,happy
say the word,male,happy
say the word,male,happy
say the word,male,happy
say the word,male,happy
say the word,male,happy
say the word,male,happy
say the word,male,happy
say the word,male,happy
say the word race,male,happy
say the word,male,happy
say the word,male,happy
say the word,male,happy
say the word,male,happy
say the word,male,happy
say the word,male,happy
say the word,male,happy
say the word,male,happy
say the word,male,happy
say the word,male,happy
say the word,male,happy
say the word,male,happy
say the word,male,happy
say the word,male,happy
say the word search,male,happy
say the word,male,happy
say the word,male,happy
say the word,male,happy
say the word,male,happy
say the word,male,happy
say the word,male,happy
say the word,male,happy
say the word,male,happy
say the word,male,happy
say the word,male,happy
say the word,male,happy
say the words,male,happy
say the word,male,happy
say the word,male,happy
say the,male,happy
say the word,male,happy
say the word,male,happy
say the word,male,happy
say the word,male,happy
say the word,male,happy
say the word,male,happy
say the word,male,happy
say the word,male,happy
say the word for,male,happy
say the word,male,happy
say the word,male,happy
say the word,male,happy
say the word,male,happy
say the word,male,happy
say the word,male,happy
say the word,male,happy
say is a word,male,happy
say the word,male,happy
say the word,male,happy
say the word voice,male,happy
say the word,male,happy
say the word,male,happy
say the word,male,happy
say the word,male,happy
say the word wash,male,happy
say the word,male,happy
say the word,male,happy
say the word,male,happy
say the word which,male,happy
say the word,male,happy
say the word,male,happy
say the word wife,male,happy
say the word,male,happy
say the word which,male,happy
say the word,male,happy
say the word,male,happy
say the word,male,happy
say the word,male,happy
say the word,male,neutral
say the word,male,neutral
say the word,male,neutral
say the word,male,neutral
say the word,male,neutral
say the word,male,neutral
say the word,male,neutral
say the word,male,neutral
say the,male,neutral
say the word,male,neutral
say the word,male,neutral
say the word,male,neutral
say the word,male,neutral
say the word,male,neutral
say the word,male,neutral
say the word,male,neutral
say the word chair,male,neutral
say the word,male,neutral
say the,male,neutral
say the word,male,neutral
say the word,male,neutral
say the word,male,neutral
say the word,male,neutral
say the word,male,neutral
say the word,male,neutral
say the,male,neutral
say the word,male,neutral
say the word,male,neutral
say the,male,neutral
say the word,male,neutral
say the,male,neutral
say the word,male,neutral
say the word,male,neutral
say the word,male,neutral
say the word,male,neutral
say the word,male,neutral
say the word,male,neutral
say the word,male,neutral
say the word,male,neutral
say the word,male,neutral
say the word,male,neutral
say the word,male,neutral
say the word,male,neutral
say the word,male,neutral
say the word,male,neutral
say the word,male,neutral
say the word,male,neutral
say the word,male,neutral
say the word,male,neutral
say the word,male,neutral
say the word,male,neutral
say the word,male,neutral
say the word,male,neutral
say the word,male,neutral
say the word,male,neutral
say the word,male,neutral
say the word,male,neutral
say the word,male,neutral
say the word,male,neutral
say the word,male,neutral
say the word,male,neutral
say the word,male,neutral
say the word,male,neutral
say the word,male,neutral
say the word,male,neutral
say the word,male,neutral
say the word,male,neutral
say the word,male,neutral
say the word,male,neutral
say the word,male,neutral
say the word,male,neutral
say the word,male,neutral
say the,male,neutral
say the,male,neutral
say the word,male,neutral
say the word,male,neutral
say the word,male,neutral
say the word,male,neutral
say the word,male,neutral
say the word,male,neutral
say the word,male,neutral
size of the world,male,neutral
say the word,male,neutral
say the word,male,neutral
say the,male,neutral
save the world,male,neutral
say the word,male,neutral
say the word,male,neutral
say the word,male,neutral
say the word,male,neutral
say the word,male,neutral
say the word,male,neutral
say the word,male,neutral
say the word,male,neutral
say the word,male,neutral
say the word,male,neutral
say the word,male,neutral
say the word,male,neutral
say the word,male,neutral
say the word,male,neutral
say the word,male,neutral
say the word,male,neutral
say the word,male,neutral
say the word,male,neutral
say the word,male,neutral
say the word,male,neutral
say the word,male,neutral
say the word,male,neutral
say the word,male,neutral
say the word,male,neutral
say the word,male,neutral
say the word nice,male,neutral
say the word,male,neutral
say the word,male,neutral
say the word,male,neutral
say the word,male,neutral
say the word,male,neutral
say the word,male,neutral
say the word,male,neutral
say the,male,neutral
say the word,male,neutral
say the word,male,neutral
say the,male,neutral
say the word,male,neutral
say the word,male,neutral
say the word,male,neutral
say the word,male,neutral
say the word,male,neutral
say the word,male,neutral
say the word,male,neutral
say the word,male,neutral
say the word,male,neutral
say the word,male,neutral
say the word,male,neutral
save the world,male,neutral
say the word,male,neutral
say the word,male,neutral
say the word,male,neutral
say the word,male,neutral
say the word,male,neutral
say the word,male,neutral
say the word,male,neutral
say the word,male,neutral
say the word,male,neutral
say the word,male,neutral
say the word,male,neutral
say the word,male,neutral
say the word,male,neutral
say the word,male,neutral
say the word,male,neutral
say the word,male,neutral
say the word,male,neutral
say the word,male,neutral
say the,male,neutral
say the word,male,neutral
say the word,male,neutral
say the word,male,neutral
say the words,male,neutral
say the word,male,neutral
say the words,male,neutral
say the,male,neutral
say the word,male,neutral
say the word,male,neutral
say the word,male,neutral
say the word,male,neutral
say the,male,neutral
say the word,male,neutral
say the word,male,neutral
say the word,male,neutral
say the word,male,neutral
say the word,male,neutral
say the word,male,neutral
say the word,male,neutral
say the word,male,neutral
say the word,male,neutral
say the word,male,neutral
say the word,male,neutral
say the word,male,neutral
say the word,male,neutral
say the word,male,neutral
say the word,male,neutral
say the word,male,neutral
say the,male,neutral
say the word,male,neutral
say the word,male,neutral
say the word,male,neutral
say the word,male,neutral
say the word,male,neutral
say the word,male,neutral
say the word,male,neutral
say the,male,neutral
say the word,male,neutral
say the word,male,neutral
say the word,male,neutral
say the word,male,neutral
say the,male,neutral
say the word,male,neutral
say the word,male,neutral
say the,male,neutral
say the word,male,neutral
say the word back,male,ps
say the word,male,ps
say the word base,male,ps
say the word,male,ps
say the word,male,ps
say the word,male,ps
say the word,male,ps
say the word,male,ps
say the word,male,ps
say the word,male,ps
say the word,male,ps
say the word,male,ps
say the word,male,ps
say the word,male,ps
say the word,male,ps
say the word,male,ps
say the word,male,ps
say the word,male,ps
say the word joke,male,ps
say the word,male,ps
say the word,male,ps
say the word,male,ps
say the word,male,ps
say the word cho,male,ps
say the word,male,ps
say the word,male,ps
say the word,male,ps
say the word,male,ps
say the word,male,ps
say the word,male,ps
say the word,male,ps
say the word Deep,male,ps
say the word,male,ps
say the word,male,ps
say the word,male,ps
say the word,male,ps
say the word,male,ps
say the word,male,ps
say the word,male,ps
say the word,male,ps
say the word,male,ps
say the word,male,ps
say the word,male,ps
say the word,male,ps
say the word,male,ps
say the word gas,male,ps
say the word,male,ps
say the word,male,ps
say the word,male,ps
say the word,male,ps
say the word,male,ps
say the word go,male,ps
say the word,male,ps
say the word,male,ps
say the word,male,ps
say the word,male,ps
say the word,male,ps
say the word,male,ps
say the word,male,ps
say the word hi,male,ps
say the word,male,ps
say the word,male,ps
say the word,male,ps
say the word,male,ps
say the word Harsh,male,ps
say the word,male,ps
say the word,male,ps
say the word,male,ps
say the word,male,ps
say the word,male,ps
say the word juice,male,ps
say the word,male,ps
say the word,male,ps
say the word,male,ps
say the word,male,ps
say the word,male,ps
say the word,male,ps
say the word,male,ps
say the word not,male,ps
say the word,male,ps
say the word,male,ps
say the word,male,ps
say the word,male,ps
say the word,male,ps
say the word,male,ps
say the word life,male,ps
say the word,male,ps
say the word,male,ps
say the word,male,ps
say the word,male,ps
say the word,male,ps
say the word lo,male,ps
say the word,male,ps
say the word,male,ps
say the word lock,male,ps
say the word,male,ps
say the word,male,ps
say the word,male,ps
say the word,male,ps
say the word math,male,ps
say the word,male,ps
say the word,male,ps
say the word,male,ps
say the word,male,ps
say the word,male,ps
say the word,male,ps
say the word Mouse,male,ps
say the word neck,male,ps
say the word,male,ps
say the word,male,ps
say the word,male,ps
say the word nice,male,ps
say the word note,male,ps
say the word,male,ps
say the word,male,ps
say the word page,male,ps
say the word,male,ps
say the word,male,ps
say the word,male,ps
say the word,male,ps
say the word Pur,male,ps
say the word,male,ps
say the word,male,ps
say the word,male,ps
say the word,male,ps
say the word,male,ps
say the word,male,ps
say the word,male,ps
say the word red,male,ps
say the word,male,ps
say the word race,male,ps
say the word,male,ps
say in the world,male,ps
say the word,male,ps
say the word,male,ps
say the word,male,ps
say the word,male,ps
say the word,male,ps
say the word,male,ps
say the word,male,ps
say the word,male,ps
say the word,male,ps
say the word,male,ps
say the word,male,ps
say the word,male,ps
say the word search,male,ps
say the word,male,ps
say the word,male,ps
say the word,male,ps
say the word,male,ps
say the word,male,ps
say the word,male,ps
say the word,male,ps
say the word,male,ps
say the word,male,ps
say the word size,male,ps
say the word,male,ps
say the word,male,ps
say the word,male,ps
say the word south,male,ps
say the word,male,ps
say the word search,male,ps
say the word,male,ps
say the word,male,ps
say the word,male,ps
say the word,male,ps
say the word,male,ps
say the word,male,ps
say the word,male,ps
say the word,male,ps
say the word,male,ps
say the word,male,ps
say the word,male,ps
say the word,male,ps
say the word,male,ps
say the word,male,ps
say the word,male,ps
say the word,male,ps
say the word,male,ps
say the word,male,ps
say the word voice,male,ps
say the word boy,male,ps
say the word vote,male,ps
say the word,male,ps
say the word,male,ps
say the word,male,ps
say the word,male,ps
say the word,male,ps
say the word,male,ps
say the word,male,ps
say the word,male,ps
say the word,male,ps
say the word wife,male,ps
say the word,male,ps
say the word which,male,ps
say the word,male,ps
say the word yes,male,ps
say the word,male,ps
say the word,male,ps
say the word back,male,sad
say the word,male,sad
say the word,male,sad
save the world,male,sad
say the word,male,sad
save the world,male,sad
phrase the word bike,male,sad
say the word,male,sad
say the word,male,sad
say the word book,male,sad
say the word,male,sad
say the word,male,sad
say the,male,sad
say the word,male,sad
say the word,male,sad
say the word,male,sad
say the word,male,sad
say the word,male,sad
say the word,male,sad
say the,male,sad
say the word,male,sad
say the word,male,sad
say the word chief,male,sad
say the word choice,male,sad
say the word,male,sad
say the word tab,male,sad
say the,male,sad
say the word,male,sad
say the word Ja,male,sad
save the world,male,sad
say the word,male,sad
say the word,male,sad
say the word,male,sad
say the word,male,sad
say the word,male,sad
say the word,male,sad
say the word,male,sad
say the word,male,sad
say the word,male,sad
say the word,male,sad
say the word,male,sad
say the,male,sad
say the word,male,sad
say the word,male,sad
say the word cap,male,sad
save the world,male,sad
say the word,male,sad
say the word,male,sad
say the word,male,sad
say the word,male,sad
say the word,male,sad
say the word,male,sad
say the word,male,sad
say the word,male,sad
save the world,male,sad
say the word,male,sad
say the word,male,sad
say the word,male,sad
say the word,male,sad
say the word,male,sad
save the world,male,sad
say the word,male,sad
save the world,male,sad
say the word,male,sad
say the word,male,sad
say the word Harsh,male,sad
say the word,male,sad
say the word,male,sad
size word,male,sad
say the word,male,sad
say the,male,sad
say the word,male,sad
say the word,male,sad
say the word she,male,sad
say the word,male,sad
say the word,male,sad
say the word,male,sad
say the word,male,sad
say the word kit,male,sad
say the word,male,sad
say the word,male,sad
save the world,male,sad
say the word,male,sad
say the word,male,sad
say the word,male,sad
say the word,male,sad
say the word life,male,sad
say the word,male,sad
say the word,male,sad
say the word love,male,sad
say the word,male,sad
say the world,male,sad
say the word,male,sad
say the word Lord,male,sad
say the word love,male,sad
say the word,male,sad
say the word,male,sad
say the word match,male,sad
say the word,male,sad
say the word,male,sad
say the word match,male,sad
say the word me,male,sad
save the,male,sad
say the word,male,sad
say the word,male,sad
say the word moon,male,sad
save the world,male,sad
say the word,male,sad
say the word,male,sad
save the word,male,sad
say the word near,male,sad
say the word,male,sad
Save The World nice,male,sad
say the word,male,sad
say the word,male,sad
say the word,male,sad
say the word page,male,sad
say the word,male,sad
say the word,male,sad
say the word,male,sad
say the word,male,sad
say the word,male,sad
say the word,male,sad
say the word,male,sad
say the word bike,male,sad
say the word,male,sad
say the word,male,sad
say the word,male,sad
say the word,male,sad
say the word,male,sad
say the word,male,sad
say the word race,male,sad
say the word,male,sad
say the word,male,sad
change the world,male,sad
say the word,male,sad
save the world,male,sad
say the word,male,sad
say the word,male,sad
say the word,male,sad
phrase the world,male,sad
say the word,male,sad
say the word,male,sad
save the world,male,sad
say the word,male,sad
say the word,male,sad
say the word search,male,sad
say the word,male,sad
say the word,male,sad
say the word,male,sad
save the word,male,sad
say the word,male,sad
say the word,male,sad
say the word,male,sad
say the words,male,sad
say the word SHO,male,sad
say the word,male,sad
say the words,male,sad
say the words so,male,sad
say the word,male,sad
size of words,male,sad
save the,male,sad
say the word,male,sad
say the word,male,sad
say the word,male,sad
say the word,male,sad
say the word,male,sad
say the word,male,sad
say the word,male,sad
say the word,male,sad
say the word,male,sad
say the word,male,sad
say the word,male,sad
say the word,male,sad
say the word,male,sad
say the word,male,sad
say the word,male,sad
say the word,male,sad
say the word,male,sad
say the word,male,sad
say the word,male,sad
say the word voice,male,sad
say the word,male,sad
say the,male,sad
say the word,male,sad
say the word,male,sad
say the word,male,sad
save the world,male,sad
say the word,male,sad
say the word,male,sad
say the word which,male,sad
say the word,male,sad
say the world,male,sad
say the word wife,male,sad
say the word,male,sad
say the word which,male,sad
say the word you,male,sad
say the word yes,male,sad
say the word,male,sad
say the word,male,sad
say the word,female,angry
say the word,female,angry
say the word,female,angry
say the word,female,angry
say the word pin,female,angry
say the word Pi,female,angry
say the word,female,angry
say the word,female,angry
say the word,female,angry
say the word,female,angry
say the word parts,female,angry
say the word,female,angry
say the word,female,angry
say the word,female,angry
say the word came,female,angry
say the word CA,female,angry
say the word,female,angry
say the word,female,angry
say the word SHO,female,angry
say the word chat,female,angry
say the word check,female,angry
say the word chick,female,angry
say the word chief,female,angry
say the word cho,female,angry
say the word,female,angry
say the word tab,female,angry
say the word,female,angry
say the word,female,angry
say the word death,female,angry
say the word,female,angry
say the word,female,angry
say the word,female,angry
say the word,female,angry
say the word George,female,angry
say the word,female,angry
say the word,female,angry
say the word,female,angry
say the word,female,angry
say the word,female,angry
say the word for,female,angry
say the word,female,angry
say the word,female,angry
say the word 5,female,angry
say the word food,female,angry
say the word cap,female,angry
say the word gas,female,angry
say the word case,female,angry
say the word,female,angry
say the word cat,female,angry
say the word,female,angry
say the word,female,angry
say the word,female,angry
say the word quiz,female,angry
say the word,female,angry
say the word,female,angry
say the word,female,angry
say the word ha,female,angry
say the word,female,angry
say the word have,female,angry
say the word,female,angry
say the word,female,angry
say the word hit,female,angry
say the word,female,angry
say the word,female,angry
say the word,female,angry
say the word Harsh,female,angry
say the word,female,angry
say the word,female,angry
say the word Jo,female,angry
say the word jud,female,angry
say the word,female,angry
say the word,female,angry
say the word ke,female,angry
say the word keep,female,angry
say the word,female,angry
say the word,female,angry
say the word,female,angry
say the word,female,angry
say the word,female,angry
say the word kno,female,angry
say the word,female,angry
say the word,female,angry
say the word le,female,angry
say the word,female,angry
say the word list,female,angry
say the word,female,angry
say the word,female,angry
say the word Li,female,angry
say the word live,female,angry
say the word love,female,angry
say the word,female,angry
say the word l,female,angry
say the word lo,female,angry
say the word lot,female,angry
say the word love,female,angry
say the word,female,angry
say the word,female,angry
say the word match,female,angry
say the word mer,female,angry
say the word,female,angry
say the word,female,angry
say the word,female,angry
say the word,female,angry
say the word,female,angry
say the word,female,angry
say the word moon,female,angry
say the word,female,angry
say the word,female,angry
say the word Nag,female,angry
say the word name,female,angry
say the word near,female,angry
say the word meet,female,angry
say the word,female,angry
say the word notes,female,angry
say the word num,female,angry
say the word,female,angry
say the word page,female,angry
say the word,female,angry
say the word pass,female,angry
say the word,female,angry
say the word,female,angry
say the word,female,angry
say the word phone,female,angry
say the word,female,angry
say the word,female,angry
say the word,female,angry
say the word pool,female,angry
say the word,female,angry
say the word Rag,female,angry
say the word,female,angry
say the word rain,female,angry
say the word ra,female,angry
say the word rat,female,angry
say the word,female,angry
say the word we,female,angry
say the word red,female,angry
say the word ring,female,angry
say the word,female,angry
say the word Road,female,angry
say the word,female,angry
say the word rose,female,angry
say the word,female,angry
say the word,female,angry
say the word r,female,angry
say the word,female,angry
say the word,female,angry
say the word,female,angry
say the word se,female,angry
say the word,female,angry
say the word,female,angry
say the word,female,angry
say the word,female,angry
say the word she,female,angry
say the word search,female,angry
say the word,female,angry
say the word SHO,female,angry
say the word size,female,angry
say the word,female,angry
say the word so,female,angry
say the word,female,angry
say the word,female,angry
say the word,female,angry
say the word,female,angry
say the word,female,angry
say the word,female,angry
say the word,female,angry
say the word,female,angry
say the word,female,angry
say the word,female,angry
say the word,female,angry
say the word,female,angry
say the word thought,female,angry
say the word,female,angry
say the word time,female,angry
say the word,female,angry
say the word,female,angry
say the word,female,angry
say the word,female,angry
say the word,female,angry
say the word,female,angry
say the word,female,angry
say the word voice,female,angry
say the word,female,angry
say the word bo,female,angry
say the word wa,female,angry
say the word Wal,female,angry
say the word wash,female,angry
say the word,female,angry
say the word which,female,angry
say the word,female,angry
say the word which,female,angry
say the word,female,angry
say the word white,female,angry
say the word wife,female,angry
say the word,female,angry
say the word which,female,angry
say the word,female,angry
say the word,female,angry
say the word,female,angry
say the word use,female,angry
say the word,female,disgust
say the word bar,female,disgust
say the word base,female,disgust
say the word pass,female,disgust
say the word,female,disgust
say the word bag,female,disgust
say the word bites,female,disgust
say the word boat,female,disgust
say the word bone,female,disgust
say the word park,female,disgust
say the word Birds,female,disgust
say the word,female,disgust
say the word cab,female,disgust
say the word,female,disgust
say the word game,female,disgust
say the word CA,female,disgust
say the word chain,female,disgust
say the word chair,female,disgust
say the word Shar,female,disgust
say the word chat,female,disgust
say the word Sha,female,disgust
say the word Sha,female,disgust
say the word chief,female,disgust
say the word choice,female,disgust
say the word cool,female,disgust
say the word tab,female,disgust
say the word date,female,disgust
say the word dad,female,disgust
say the word that,female,disgust
say the word Deep,female,disgust
say the word time,female,disgust
say the word Jab,female,disgust
say the word death,female,disgust
say the word dodge,female,disgust
say the word dog,female,disgust
say the word,female,disgust
say the word do,female,disgust
say the word,female,disgust
say the word,female,disgust
say the word for,female,disgust
say the word fat,female,disgust
say the word,female,disgust
say the word 5,female,disgust
say the word food,female,disgust
say the word,female,disgust
say the word gas,female,disgust
say the word case,female,disgust
say the word Ger,female,disgust
say the word cat,female,disgust
say the word chain,female,disgust
say the word go,female,disgust
say the word good,female,disgust
say the word ghost,female,disgust
say the word gun,female,disgust
say the word,female,disgust
say the word hall,female,disgust
say the word ha,female,disgust
say the word,female,disgust
say the word have,female,disgust
say the word ha,female,disgust
say the word higher,female,disgust
say the word,female,disgust
say the word,female,disgust
say the word home,female,disgust
say the word,female,disgust
say the word,female,disgust
say the word jail,female,disgust
say the word,female,disgust
say the word join,female,disgust
say the word jud,female,disgust
say the word Jag,female,disgust
say the word juice,female,disgust
say the word,female,disgust
say the word keep,female,disgust
say the word CA,female,disgust
say the word cake,female,disgust
say the word,female,disgust
say the word,female,disgust
say the word kit,female,disgust
say the word kno,female,disgust
say the word la,female,disgust
say the word Lord,female,disgust
say the word clean,female,disgust
say the word learn,female,disgust
say the word please,female,disgust
say the word LED,female,disgust
say the word life,female,disgust
say the word la,female,disgust
say the word live,female,disgust
say the word love,female,disgust
say the word,female,disgust
say the word,female,disgust
say the word news,female,disgust
say the word,female,disgust
say the word love,female,disgust
say the word lock,female,disgust
say the word make,female,disgust
say the word match,female,disgust
say the word March,female,disgust
say the word maths,female,disgust
say the word maths,female,disgust
say the word ma,female,disgust
say the word,female,disgust
say the word mode,female,disgust
say the word mood,female,disgust
say the word moon,female,disgust
say the word,female,disgust
say the word Mouse,female,disgust
say the word Nag,female,disgust
say the word name,female,disgust
say the word near,female,disgust
say the word Neet,female,disgust
say the word nice,female,disgust
say the word note,female,disgust
say the word,female,disgust
say the word,female,disgust
say the word page,female,disgust
say the word,female,disgust
say the word pass,female,disgust
say the word,female,disgust
say the word pe,female,disgust
say the word Pur,female,disgust
say the word found,female,disgust
say the word pack,female,disgust
say the word,female,disgust
say the word,female,disgust
say the word,female,disgust
say the word PU,female,disgust
say the word Rag,female,disgust
say the word brain,female,disgust
say the word rain,female,disgust
say the word race,female,disgust
say the word rat,female,disgust
say the word reach,female,disgust
say the word we,female,disgust
say the word red,female,disgust
say the word wing,female,disgust
say the word vi,female,disgust
say the word broad,female,disgust
say the word room,female,disgust
say the word rose,female,disgust
say the word bro,female,disgust
say the word brass,female,disgust
say the word Rush,female,disgust
say the word sad,female,disgust
say the words sale,female,disgust
say the word search,female,disgust
say the word says,female,disgust
say the words,female,disgust
say the word Shar,female,disgust
say the word Sha,female,disgust
say the word Sha,female,disgust
say the word,female,disgust
say the word shirt,female,disgust
say the word shirt,female,disgust
say the word shout,female,disgust
say the word size,female,disgust
say the words,female,disgust
say the word so,female,disgust
say the words show,female,disgust
say the words south,female,disgust
say the words,female,disgust
say the word search,female,disgust
say the word,female,disgust
say the word take,female,disgust
say the word talk,female,disgust
say the word shape,female,disgust
say the word team,female,disgust
say the word,female,disgust
say the word,female,disgust
say the word third,female,disgust
say the word that,female,disgust
say the word,female,disgust
say the word time,female,disgust
say the word,female,disgust
say the word tyre,female,disgust
say the word,female,disgust
say the word,female,disgust
say the word,female,disgust
say the word,female,disgust
say the word,female,disgust
say the word voice,female,disgust
say the word void,female,disgust
say the word vote,female,disgust
say the word wa,female,disgust
say the word,female,disgust
say the word wash,female,disgust
say the word week,female,disgust
say the word wing,female,disgust
say the word when,female,disgust
say the word which,female,disgust
say the word web,female,disgust
say the word wide,female,disgust
say the word wife,female,disgust
say the word wire,female,disgust
say the word which,female,disgust
say the word ya,female,disgust
say the word yes,female,disgust
say the word young,female,disgust
say the word use,female,disgust
say the word back,female,fear
say the word power,female,fear
hey Google please,female,fear
say the word,female,fear
say the word pin,female,fear
say the word Pi,female,fear
say the word Pi,female,fear
say the word,female,fear
say the word bone,female,fear
say the word book,female,fear
say the word part,female,fear
say the word,female,fear
say the word cab,female,fear
say the word com,female,fear
say the word came,female,fear
say the word CA,female,fear
say the word chain,female,fear
say the word chair,female,fear
say the word,female,fear
say the word chat,female,fear
say the word check,female,fear
say the word chick,female,fear
say the word chief,female,fear
say the word,female,fear
say the word cool,female,fear
say the word,female,fear
say the word date,female,fear
say the word Z,female,fear
say the word,female,fear
say the word Deep,female,fear
say the word,female,fear
say the words,female,fear
say the word change,female,fear
say the word Ge,female,fear
say the word dog,female,fear
say the word doll,female,fear
say the word,female,fear
say the word fail,female,fear
say the word,female,fear
say the word for,female,fear
say the word fact,female,fear
say the word fit,female,fear
say the word 5,female,fear
say the word food,female,fear
say the word,female,fear
say the word,female,fear
say the word case,female,fear
say the word char,female,fear
say the word cat,female,fear
say the virgin,female,fear
say the word,female,fear
say the word good,female,fear
say the word,female,fear
say the word girl,female,fear
say the word,female,fear
say the word,female,fear
say the word,female,fear
say the word ha,female,fear
say the word have,female,fear
say the word ha,female,fear
say the word hi,female,fear
say the word,female,fear
say the word Ho,female,fear
say the word,female,fear
say the word,female,fear
say the word,female,fear
say the word,female,fear
say the word,female,fear
say the word join,female,fear
say the word judge,female,fear
say the word joke,female,fear
say the word juice,female,fear
say the word,female,fear
say the word keep,female,fear
say the word CA,female,fear
say the word kick,female,fear
Hyderabad ki,female,fear
say the word king,female,fear
say the word kite,female,fear
say the word late,female,fear
say the word,female,fear
say the word clean,female,fear
say the word learn,female,fear
say the word please,female,fear
say the word lead,female,fear
say the word life,female,fear
say the poet,female,fear
say the word,female,fear
say the word,female,fear
say the word long,female,fear
say the word lower,female,fear
say the word lo,female,fear
say the words,female,fear
say the word,female,fear
say the word lock,female,fear
say the word make,female,fear
say the word match,female,fear
say the word March,female,fear
say the word,female,fear
say the world map,female,fear
say the word,female,fear
say the word mo,female,fear
say the word mode,female,fear
say the word mood,female,fear
say the word,female,fear
say the word,female,fear
say the word Mouse,female,fear
say the word leg,female,fear
say the word name,female,fear
say the word,female,fear
say the word need,female,fear
say the word nice,female,fear
say the word,female,fear
say the word num,female,fear
say the word,female,fear
say the word page,female,fear
say the word,female,fear
say the word,female,fear
say the word,female,fear
say the word Pi,female,fear
say the word parts,female,fear
say the word found,female,fear
say the word pic,female,fear
say the word bike,female,fear
say the word,female,fear
say the word,female,fear
say the word,female,fear
say the word right,female,fear
say the word red,female,fear
say the word train,female,fear
say the word phrase,female,fear
say the word right,female,fear
say the word reach,female,fear
say the word breed,female,fear
say the word bread,female,fear
say the word ring,female,fear
say the word right,female,fear
say the word Road,female,fear
say the word broom,female,fear
say the word Pro,female,fear
say the word brought,female,fear
say the word rough,female,fear
say the word r,female,fear
say the word sad,female,fear
say the word sale,female,fear
say the word search,female,fear
say the word cheese,female,fear
say the word,female,fear
say the word Shar,female,fear
say the word,female,fear
say the word,female,fear
say the wor,female,fear
say the word search,female,fear
say the word should,female,fear
say the word shout,female,fear
Telugu songs,female,fear
say the words Ho,female,fear
say the word,female,fear
say the word sour,female,fear
say the word south,female,fear
say the WhatsApp,female,fear
say the word search,female,fear
say the word sure,female,fear
say the word shake,female,fear
say the word talk,female,fear
say the word tap,female,fear
say the word,female,fear
say the words,female,fear
say the words,female,fear
say the word third,female,fear
say the word thought,female,fear
say the word from,female,fear
say the word time,female,fear
say the worship,female,fear
say the words,female,fear
say the words on,female,fear
say the words,female,fear
say the words of,female,fear
say the word turn,female,fear
say the word fine,female,fear
say the word boys,female,fear
say the word word,female,fear
say the word boat,female,fear
say the word wag,female,fear
say the word work,female,fear
say the word wash,female,fear
say the word week,female,fear
say the word which,female,fear
say the word,female,fear
say the word which,female,fear
say the word,female,fear
say the word white,female,fear
say the word wife,female,fear
say the word wire,female,fear
say the word which,female,fear
say the word you,female,fear
say the word gas,female,fear
say the word young,female,fear
say the word,female,fear
say the word back,female,happy
say the word,female,happy
say the word,female,happy
say the word,female,happy
say the word been,female,happy
say the word,female,happy
say the word by,female,happy
say the word bo,female,happy
say the word,female,happy
say the word fuck,female,happy
say the word,female,happy
say the word,female,happy
say the word,female,happy
say the word,female,happy
say the word came,female,happy
say the word CA,female,happy
say the word,female,happy
say the word,female,happy
say the word Shar,female,happy
say the word,female,happy
say the word,female,happy
say the word,female,happy
say the word,female,happy
say the word choice,female,happy
say the word,female,happy
say the,female,happy
say the word,female,happy
say the word,female,happy
say the word,female,happy
say the word,female,happy
say the word time,female,happy
say the word,female,happy
say the words,female,happy
say the word,female,happy
say the word,female,happy
say the word,female,happy
say the word,female,happy
say the word,female,happy
say the word,female,happy
say the word,female,happy
say the word fat,female,happy
say the word that,female,happy
say the word,female,happy
say the word food,female,happy
say the word,female,happy
say the word gas,female,happy
say the word case,female,happy
say the word,female,happy
say the word cat,female,happy
say the words,female,happy
say the word,female,happy
say the word,female,happy
say the word quiz,female,happy
say the word,female,happy
say the word,female,happy
say the word,female,happy
say the word ha,female,happy
say the word,female,happy
say the word have,female,happy
say the word ha,female,happy
say the word,female,happy
say the word,female,happy
say the word,female,happy
say the word home,female,happy
say the word horror,female,happy
say the word Harsh,female,happy
say the word,female,happy
say the word,female,happy
say the word,female,happy
say the word jud,female,happy
say the word,female,happy
say the word juice,female,happy
say the word,female,happy
say the word,female,happy
say the word,female,happy
say the word k,female,happy
say the word,female,happy
say the word king,female,happy
say the word kit,female,happy
say the word,female,happy
say the word la,female,happy
say the word,female,happy
say the word,female,happy
say the word,female,happy
say the word,female,happy
say the word,female,happy
say the word life,female,happy
say the word,female,happy
say the word,female,happy
say the word love,female,happy
say the word,female,happy
say the word l,female,happy
say the word lo,female,happy
say the word,female,happy
say the word love,female,happy
say the word,female,happy
say the word,female,happy
say the word maths,female,happy
say the word,female,happy
say the word m,female,happy
say the word,female,happy
say the word,female,happy
say the word,female,happy
say the word,female,happy
say the word,female,happy
say the word moon,female,happy
say the world map,female,happy
say the word Mouse,female,happy
say the word,female,happy
say the word name,female,happy
say the word near,female,happy
say the word need,female,happy
say the word nice,female,happy
say the word notes,female,happy
say the word,female,happy
say the word,female,happy
say the word page,female,happy
say the word,female,happy
say the word pass,female,happy
say the word,female,happy
say the word,female,happy
say the word parts,female,happy
say the word,female,happy
say the word,female,happy
say the word,female,happy
say the word,female,happy
say the word,female,happy
say the word,female,happy
say the word,female,happy
say the word,female,happy
say the word,female,happy
say the word raise,female,happy
say the word rat,female,happy
say the word beach,female,happy
say the word,female,happy
say the word red,female,happy
say the word,female,happy
say the word right,female,happy
say the word,female,happy
say the word,female,happy
say the word rose,female,happy
say the word,female,happy
say the word,female,happy
say the word Rush,female,happy
say the word,female,happy
say the word,female,happy
say the word search,female,happy
say the word se,female,happy
say the word,female,happy
say the word,female,happy
say the word,female,happy
say the word,female,happy
say the word she,female,happy
say the word search,female,happy
say the word,female,happy
say the word search,female,happy
say the word size,female,happy
say the word so,female,happy
say the words,female,happy
say the word,female,happy
say the word,female,happy
say the word,female,happy
say the word search,female,happy
say the word,female,happy
say the word,female,happy
say the word,female,happy
say the word,female,happy
say the word,female,happy
say the word,female,happy
say the word,female,happy
say the word,female,happy
say the word,female,happy
say the word,female,happy
say the word time,female,happy
say the word chi,female,happy
say the word,female,happy
say the word,female,happy
say the word,female,happy
say the word,female,happy
say the word,female,happy
say the word,female,happy
say the word voice,female,happy
say the word,female,happy
say the word,female,happy
say the word,female,happy
say the word,female,happy
say the word wash,female,happy
say the word,female,happy
say the word,female,happy
say the word,female,happy
say the word which,female,happy
say the word web,female,happy
say the word white,female,happy
say the word,female,happy
say the word wire,female,happy
say the word which,female,happy
say the word,female,happy
say the word yes,female,happy
say the word,female,happy
say the word,female,happy
say the word back,female,neutral
say the word,female,neutral
say the word,female,neutral
say the word,female,neutral
say the word,female,neutral
say the word,female,neutral
say the word,female,neutral
say the word,female,neutral
say the word,female,neutral
say the word,female,neutral
say the word,female,neutral
say the word,female,neutral
say the word,female,neutral
say the word,female,neutral
say the word,female,neutral
say the word,female,neutral
say the word,female,neutral
say the word,female,neutral
say the word,female,neutral
say the word,female,neutral
say the word,female,neutral
say the word,female,neutral
say the word,female,neutral
say the word,female,neutral
say the word,female,neutral
say the word,female,neutral
say the word,female,neutral
say the word,female,neutral
say the word,female,neutral
say the,female,neutral
say the word time,female,neutral
say the word,female,neutral
say the word,female,neutral
say the word,female,neutral
say the word,female,neutral
say the word,female,neutral
say the word,female,neutral
say the word,female,neutral
say the word,female,neutral
say the word,female,neutral
say the word,female,neutral
say the word,female,neutral
say the word,female,neutral
say the word,female,neutral
say the word,female,neutral
say the word,female,neutral
say the word,female,neutral
say the word,female,neutral
say the word,female,neutral
say the word,female,neutral
say the word,female,neutral
say the word,female,neutral
say the word,female,neutral
say the word,female,neutral
say the word,female,neutral
say the word,female,neutral
say the word,female,neutral
say the word,female,neutral
say the word,female,neutral
say the word,female,neutral
say the word,female,neutral
say the word,female,neutral
say the word,female,neutral
say the word,female,neutral
say the word,female,neutral
say the word,female,neutral
say the word,female,neutral
say the word,female,neutral
say the word,female,neutral
say the word,female,neutral
say the word,female,neutral
say the word,female,neutral
say the word,female,neutral
say the word,female,neutral
say the word,female,neutral
say the word,female,neutral
say the word,female,neutral
say the word,female,neutral
say the word,female,neutral
say the word,female,neutral
say the word,female,neutral
say the word,female,neutral
say the word,female,neutral
say the word,female,neutral
say the word,female,neutral
say the word,female,neutral
say the word,female,neutral
say the word,female,neutral
say the word,female,neutral
say the word,female,neutral
say the word,female,neutral
say the word,female,neutral
say the word,female,neutral
say the word,female,neutral
say the word,female,neutral
say the word,female,neutral
say the word,female,neutral
say the word,female,neutral
say the word,female,neutral
say the word,female,neutral
say the word,female,neutral
say the word,female,neutral
say the word,female,neutral
say the word,female,neutral
say the word,female,neutral
say the word,female,neutral
say the word,female,neutral
say the word,female,neutral
say the word,female,neutral
say the word name,female,neutral
say the word,female,neutral
say the word,female,neutral
say the word nice,female,neutral
say the word,female,neutral
say the word,female,neutral
say the word,female,neutral
say the word,female,neutral
say the word,female,neutral
say the word,female,neutral
say the word,female,neutral
say the word,female,neutral
say the word,female,neutral
say the word,female,neutral
say the word,female,neutral
say the word,female,neutral
say the word,female,neutral
say the word,female,neutral
say the word,female,neutral
say the word,female,neutral
say the word,female,neutral
say the word,female,neutral
say the word,female,neutral
say the word,female,neutral
say the word,female,neutral
say the word,female,neutral
say the word,female,neutral
say the word,female,neutral
say the word,female,neutral
say the word,female,neutral
say the word,female,neutral
say the word,female,neutral
say the word,female,neutral
say the word,female,neutral
say the word,female,neutral
say the word,female,neutral
say the word,female,neutral
say the word search,female,neutral
say the word,female,neutral
say the word,female,neutral
say the word,female,neutral
say the word,female,neutral
say the word,female,neutral
say the word,female,neutral
say the word,female,neutral
say the word,female,neutral
say the word,female,neutral
say the word size,female,neutral
say the word,female,neutral
say the word,female,neutral
say the word,female,neutral
say the word,female,neutral
say the word,female,neutral
say the word,female,neutral
say the word,female,neutral
say the word,female,neutral
say the word,female,neutral
say the word,female,neutral
say the word,female,neutral
say the word,female,neutral
say the word,female,neutral
say the word,female,neutral
say the word,female,neutral
say the word,female,neutral
say the word,female,neutral
say the word,female,neutral
say the word,female,neutral
say the word,female,neutral
say the word,female,neutral
say the word,female,neutral
say the word,female,neutral
say the word,female,neutral
say the word,female,neutral
say the word,female,neutral
say the word,female,neutral
say the word,female,neutral
say the word Wal,female,neutral
say the word,female,neutral
say the word,female,neutral
say the word,female,neutral
say the word,female,neutral
say the word,female,neutral
say the word web,female,neutral
say the word,female,neutral
say the word,female,neutral
say the word,female,neutral
say the word,female,neutral
say the word,female,neutral
say the word,female,neutral
say the word,female,neutral
say the word,female,neutral
say the word back,female,ps
say the word,female,ps
say the word base,female,ps
say the word,female,ps
say the word been,female,ps
say the word,female,ps
say the word,female,ps
say the word,female,ps
say the word,female,ps
say the word book,female,ps
say the word,female,ps
say the word burn,female,ps
say the word,female,ps
say the word,female,ps
say the word,female,ps
say the word CA,female,ps
say the word,female,ps
say the word,female,ps
say the word,female,ps
say the word chart,female,ps
say the word Sha,female,ps
say the word,female,ps
say the word,female,ps
say the word choice,female,ps
say the word,female,ps
say the word,female,ps
say the word,female,ps
say the word,female,ps
say the word that,female,ps
say the word,female,ps
say the word time,female,ps
say the word Je,female,ps
say the word jud,female,ps
say the word Ge,female,ps
say the word,female,ps
say the word,female,ps
say the word do,female,ps
say the word,female,ps
say the word ball,female,ps
say the word,female,ps
say the word,female,ps
say the word,female,ps
say the word,female,ps
say the word,female,ps
say the word cap,female,ps
say the word gas,female,ps
say the word games,female,ps
say the word,female,ps
say the word cat,female,ps
say the word,female,ps
say the word,female,ps
say the word good,female,ps
say the word girls,female,ps
say the word,female,ps
say the word,female,ps
say the word,female,ps
say the word ha,female,ps
say the word ha,female,ps
say the word,female,ps
say the word ha,female,ps
say the word,female,ps
say the word,female,ps
say the word,female,ps
say the word,female,ps
say the word,female,ps
say the word,female,ps
say the word,female,ps
say the word,female,ps
say the words,female,ps
say the word jud,female,ps
say the word,female,ps
say the word juice,female,ps
say the word king,female,ps
say the word,female,ps
say the word,female,ps
say the word,female,ps
say the word,female,ps
say the word king,female,ps
say the word,female,ps
say the word,female,ps
say the word,female,ps
say the word,female,ps
say the word,female,ps
say the word,female,ps
say the word le,female,ps
say the word,female,ps
say the word life,female,ps
say the word,female,ps
say the word,female,ps
say the word love,female,ps
say the word,female,ps
say the word l,female,ps
say the word lo,female,ps
say the word,female,ps
say the word love,female,ps
say the word lock,female,ps
say the word make,female,ps
say the word match,female,ps
say the word March,female,ps
say the word,female,ps
say the word,female,ps
say the word,female,ps
say the word,female,ps
say the word,female,ps
say the word,female,ps
say the word moon,female,ps
say the word,female,ps
say the word Mouse,female,ps
say the word,female,ps
say the word,female,ps
say the word near,female,ps
say the word,female,ps
say the word nice,female,ps
say the word,female,ps
say the word,female,ps
say the word,female,ps
say the word,female,ps
say the word,female,ps
say the word pass,female,ps
say the word,female,ps
say the word,female,ps
say the word Pur,female,ps
say the word,female,ps
say the word,female,ps
say the word,female,ps
say the word,female,ps
say the word,female,ps
say the word power,female,ps
say the word,female,ps
say the word,female,ps
say the word,female,ps
say the word,female,ps
say the word,female,ps
say the word which,female,ps
say the word,female,ps
say the word,female,ps
say the word,female,ps
say the word,female,ps
say the word,female,ps
say the word,female,ps
say the word rose,female,ps
say the word,female,ps
say the word bra,female,ps
say the word Rush,female,ps
say the word,female,ps
say the words,female,ps
say the word search,female,ps
say the word,female,ps
say the words,female,ps
say the word,female,ps
say the word,female,ps
say the word,female,ps
say the word she,female,ps
say the word shirt,female,ps
say the word,female,ps
say the word SHO,female,ps
say the word size,female,ps
say the words,female,ps
say the words so,female,ps
spell the word,female,ps
say the words,female,ps
say the words,female,ps
say the word,female,ps
say the words,female,ps
say the words,female,ps
say the word,female,ps
say the word,female,ps
say the word,female,ps
say the word,female,ps
say the word,female,ps
say the words,female,ps
say the word,female,ps
say the word,female,ps
say the word,female,ps
say the word,female,ps
say the words,female,ps
say the word,female,ps
say the word,female,ps
say the words,female,ps
say the word,female,ps
say the word,female,ps
say the word,female,ps
say the word vote,female,ps
say the word,female,ps
say the word work,female,ps
say the word wash,female,ps
say the word week,female,ps
say the word,female,ps
say the word,female,ps
say the word which,female,ps
say the word,female,ps
say the word,female,ps
say the word voice,female,ps
say the word,female,ps
say the word which,female,ps
say the word,female,ps
say the word yes,female,ps
say the word,female,ps
say the word,female,ps
say the word,female,sad
say the word bar,female,sad
say the word base,female,sad
say the word,female,sad
say the word been,female,sad
say the word,female,sad
say the word,female,sad
say the word bo,female,sad
say the word,female,sad
say the word,female,sad
say the word,female,sad
say the word burn,female,sad
say the word cab,female,sad
say the word,female,sad
say the word came,female,sad
say the word CA,female,sad
say the word,female,sad
say the word,female,sad
say the word,female,sad
say the word,female,sad
say the word Jack,female,sad
say the word cheek,female,sad
say the word,female,sad
say the word choice,female,sad
say the word girl,female,sad
say the word,female,sad
say the word date,female,sad
say the word dead,female,sad
say the word,female,sad
say the word,female,sad
say the word,female,sad
say the word,female,sad
say the word ditch,female,sad
say the word dance,female,sad
say the word dog,female,sad
say the word,female,sad
say the word do,female,sad
say the word fail,female,sad
say the word,female,sad
say the word for,female,sad
say the word,female,sad
say the word fit,female,sad
say the word 5,female,sad
say the word,female,sad
say the word ga,female,sad
say the word gas,female,sad
say the word case,female,sad
say the word,female,sad
say the word cat,female,sad
say the virgin,female,sad
say the word,female,sad
say the word good,female,sad
say the word Goose,female,sad
say the word,female,sad
say the word,female,sad
say the word,female,sad
say the word ha,female,sad
say the word,female,sad
say the word have,female,sad
say the word ha,female,sad
say the word higher,female,sad
say the word head,female,sad
say the word,female,sad
say the word,female,sad
say the word,female,sad
say the word Harsh,female,sad
say the word jail,female,sad
say the word,female,sad
say the word,female,sad
say the word jud,female,sad
say the word Jung,female,sad
say the word juice,female,sad
say the word ke,female,sad
say the word keep,female,sad
say the word king,female,sad
say the word kick,female,sad
say the word,female,sad
say the word,female,sad
say the word kit,female,sad
say the word,female,sad
say the word la,female,sad
say the word Lord,female,sad
say the word mean,female,sad
say the word learn,female,sad
say the word,female,sad
say the word land,female,sad
say the word life,female,sad
say the word la,female,sad
say the word live,female,sad
say the word love,female,sad
say the word,female,sad
say the word l,female,sad
say the word lose,female,sad
say the word,female,sad
say the word love,female,sad
say the word luck,female,sad
say the word make,female,sad
say the word match,female,sad
say the word mer,female,sad
say the word mess,female,sad
say the word match,female,sad
say the word,female,sad
say the word,female,sad
say the word,female,sad
say the word mood,female,sad
say the word moon,female,sad
say the word map,female,sad
say the word Mouse,female,sad
say the word Nag,female,sad
say the word name,female,sad
say the word near,female,sad
say the word,female,sad
say the word nice,female,sad
say the word,female,sad
say the word num,female,sad
say the word pad,female,sad
say the word page,female,sad
say the word Pa,female,sad
say the word pass,female,sad
say the word,female,sad
say the word,female,sad
say the word Birds,female,sad
say the word,female,sad
say the word pig,female,sad
say the word,female,sad
say the word Pa,female,sad
say the word,female,sad
say the word,female,sad
say the word Rag,female,sad
say the word,female,sad
say the word rain,female,sad
say the word ways,female,sad
say the word rat,female,sad
say the word Re,female,sad
say the word read,female,sad
say the word red,female,sad
say the word ring,female,sad
say the word,female,sad
say the word Brown,female,sad
say the word room,female,sad
say the word rose,female,sad
say the word,female,sad
say the word,female,sad
say the word r,female,sad
say the word sad,female,sad
say the word,female,sad
say the word search,female,sad
say the word,female,sad
say the word,female,sad
say the word,female,sad
say the word,female,sad
say the word,female,sad
say the word Sheep,female,sad
say the word shirt,female,sad
say the word,female,sad
say the word SHO,female,sad
say the word,female,sad
say the words,female,sad
say the word soup,female,sad
say the word sour,female,sad
say the word,female,sad
say the word,female,sad
save the word,female,sad
say the word sure,female,sad
say the word,female,sad
say the word,female,sad
say the word tap,female,sad
say the word team,female,sad
say the word,female,sad
say the word,female,sad
say the words,female,sad
say the word,female,sad
say the word,female,sad
say the word time,female,sad
say the word,female,sad
say the word ti,female,sad
say the word,female,sad
say the word to,female,sad
say the word,female,sad
say the word,female,sad
say the word,female,sad
say the word,female,sad
say the word for,female,sad
say the word words,female,sad
say the word wa,female,sad
say the word work,female,sad
say the word wash,female,sad
say the word week,female,sad
say the word,female,sad
say the word,female,sad
say the word which,female,sad
say the word web,female,sad
say the word white,female,sad
say the word wife,female,sad
say the word wire,female,sad
say the word which,female,sad
say the word,female,sad
say the word,female,sad
say the word young,female,sad
say the word,female,sad
